"Neighbourhood","Neighbourhood Id","Combined Indicators","Total Population","Total Area","With Bachelor Degree or Higher","After-Tax Household Income","   Unemployed","Recent Immigrants","High Shelter Costs"
"West Humber-Clairville",1.0,"N/A",33312.0,30.09,6170.0,59703.0,1705.0,2440.0,3270.0
"Mount Olive-Silverstone-Jamestown",2.0,"N/A",32954.0,4.6,4450.0,46986.0,1785.0,4720.0,3715.0
"Thistletown-Beaumond Heights",3.0,"N/A",10360.0,3.4,1690.0,57522.0,525.0,720.0,1065.0
"Rexdale-Kipling",4.0,"N/A",10529.0,2.5,1620.0,51194.0,600.0,625.0,1185.0
"Elms-Old Rexdale",5.0,"N/A",9456.0,2.9,1130.0,49425.0,465.0,530.0,1080.0
"Kingsview Village-The Westway",6.0,"N/A",22000.0,5.1,3720.0,50714.0,1020.0,1830.0,2730.0
"Willowridge-Martingrove-Richview",7.0,"N/A",22156.0,5.5,5265.0,57048.0,920.0,1210.0,2645.0
"Humber Heights-Westmount",8.0,"N/A",10948.0,2.8,2340.0,54919.0,380.0,345.0,1325.0
"Edenbridge-Humber Valley",9.0,"N/A",15535.0,5.5,5190.0,62463.0,510.0,515.0,1900.0
"Princess-Rosethorn",10.0,"N/A",11051.0,5.2,4480.0,93391.0,355.0,270.0,750.0
"Eringate-Centennial-West Deane",11.0,"N/A",18588.0,8.6,4915.0,69740.0,750.0,350.0,1555.0
"Markland Wood",12.0,"N/A",10554.0,2.9,3525.0,64297.0,335.0,295.0,1060.0
"Etobicoke West Mall",13.0,"N/A",11848.0,1.7,2705.0,50570.0,505.0,815.0,1695.0
"Islington-City Centre West",14.0,"N/A",43965.0,16.4,15135.0,57658.0,1870.0,2850.0,6380.0
"Kingsway South",15.0,"N/A",9271.0,2.6,4440.0,106386.0,360.0,95.0,685.0
"Stonegate-Queensway",16.0,"N/A",25051.0,7.9,8490.0,67549.0,935.0,1005.0,2830.0
"Mimico",17.0,"N/A",33964.0,6.9,11520.0,55300.0,1305.0,1895.0,7080.0
"New Toronto",18.0,"N/A",11463.0,3.5,2790.0,40859.0,565.0,500.0,2105.0
"Long Branch",19.0,"N/A",10084.0,2.3,2585.0,47680.0,440.0,375.0,1700.0
"Alderwood",20.0,"N/A",12054.0,5.0,2290.0,61402.0,415.0,200.0,1005.0
"Humber Summit",21.0,"N/A",12416.0,7.9,1450.0,53272.0,555.0,870.0,1235.0
"Humbermede",22.0,"N/A",15545.0,4.4,1955.0,48655.0,780.0,1555.0,1895.0
"Pelmo Park-Humberlea",23.0,"N/A",10722.0,4.2,1595.0,59842.0,355.0,365.0,1165.0
"Black Creek",24.0,"N/A",21737.0,3.4,1565.0,39986.0,1180.0,2045.0,2695.0
"Glenfield-Jane Heights",25.0,"N/A",30491.0,5.2,2110.0,44488.0,1550.0,1875.0,3285.0
"Downsview-Roding-CFB",26.0,"N/A",35052.0,14.9,4485.0,44087.0,1420.0,3145.0,4385.0
"York University Heights",27.0,"N/A",27593.0,13.2,5555.0,42916.0,1585.0,2850.0,4080.0
"Rustic",28.0,"N/A",9941.0,2.1,800.0,41187.0,375.0,510.0,1205.0
"Maple Leaf",29.0,"N/A",10111.0,2.5,1580.0,52174.0,415.0,950.0,1005.0
"Brookhaven-Amesbury",30.0,"N/A",17757.0,3.5,1920.0,43512.0,915.0,1475.0,2615.0
"Yorkdale-Glen Park",31.0,"N/A",14804.0,5.9,2405.0,49803.0,580.0,855.0,1645.0
"Englemount-Lawrence",32.0,"N/A",22372.0,3.6,5880.0,45087.0,955.0,2050.0,3005.0
"Clanton Park",33.0,"N/A",16472.0,4.2,5290.0,54498.0,565.0,1345.0,2235.0
"Bathurst Manor",34.0,"N/A",15873.0,4.8,4980.0,51076.0,620.0,1490.0,2175.0
"Westminster-Branson",35.0,"N/A",26274.0,3.7,8485.0,42465.0,1290.0,4430.0,4710.0
"Newtonbrook West",36.0,"N/A",23831.0,4.7,7920.0,46815.0,1050.0,3660.0,4135.0
"Willowdale West",37.0,"N/A",16936.0,2.9,7515.0,54226.0,845.0,1675.0,3475.0
"Lansing-Westgate",38.0,"N/A",16164.0,5.4,7355.0,60980.0,665.0,1470.0,2535.0
"Bedford Park-Nortown",39.0,"N/A",23236.0,5.5,9625.0,76160.0,650.0,1260.0,2320.0
"St.Andrew-Windfields",40.0,"N/A",17812.0,7.3,7770.0,80145.0,770.0,1400.0,2170.0
"Bridle Path-Sunnybrook-York Mills",41.0,"N/A",9266.0,8.8,4795.0,161448.0,360.0,330.0,740.0
"Banbury-Don Mills",42.0,"N/A",27695.0,10.0,10850.0,60203.0,1010.0,1500.0,4045.0
"Victoria Village",43.0,"N/A",17510.0,4.7,3760.0,43743.0,870.0,1695.0,2820.0
"Flemingdon Park",44.0,"N/A",21933.0,2.5,4910.0,43511.0,1050.0,2795.0,3520.0
"Parkwoods-Donalda",45.0,"N/A",34805.0,7.5,9410.0,52550.0,1685.0,2790.0,4925.0
"Pleasant View",46.0,"N/A",15818.0,3.0,4625.0,60065.0,810.0,1320.0,1805.0
"Don Valley Village",47.0,"N/A",27051.0,4.1,9675.0,51247.0,1330.0,3785.0,4065.0
"Hillcrest Village",48.0,"N/A",16934.0,5.3,6445.0,57682.0,660.0,1125.0,2260.0
"Bayview Woods-Steeles",49.0,"N/A",13154.0,4.1,5120.0,61716.0,495.0,1070.0,1810.0
"Newtonbrook East",50.0,"N/A",16097.0,4.1,6745.0,54195.0,710.0,1855.0,2945.0
"Willowdale East",51.0,"N/A",50434.0,5.0,25095.0,55154.0,2300.0,7405.0,11140.0
"Bayview Village",52.0,"N/A",21396.0,5.2,9790.0,58028.0,910.0,2520.0,4320.0
"Henry Farm",53.0,"N/A",15723.0,2.6,6370.0,47659.0,890.0,2935.0,3085.0
"O'Connor-Parkview",54.0,"N/A",18675.0,4.9,3970.0,48969.0,970.0,1245.0,2830.0
"Thorncliffe Park",55.0,"N/A",21108.0,3.1,5075.0,38645.0,1070.0,3880.0,3570.0
"Leaside-Bennington",56.0,"N/A",16828.0,4.8,7665.0,85039.0,635.0,355.0,1415.0
"Broadview North",57.0,"N/A",11499.0,1.7,3510.0,41036.0,540.0,680.0,2275.0
"Old East York",58.0,"N/A",9233.0,2.3,2435.0,61174.0,255.0,320.0,1100.0
"Danforth-East York",59.0,"N/A",17180.0,2.2,5255.0,63221.0,650.0,410.0,1900.0
"Woodbine-Lumsden",60.0,"N/A",7865.0,1.2,2245.0,56681.0,310.0,130.0,1100.0
"Taylor-Massey",61.0,"N/A",15683.0,1.1,4535.0,37875.0,910.0,2500.0,2770.0
"East End-Danforth",62.0,"N/A",21381.0,2.6,6860.0,56179.0,990.0,1005.0,2870.0
"The Beaches",63.0,"N/A",21567.0,3.6,9235.0,70957.0,725.0,395.0,2710.0
"Woodbine Corridor",64.0,"N/A",12541.0,1.6,4220.0,63343.0,560.0,265.0,1560.0
"Greenwood-Coxwell",65.0,"N/A",14417.0,1.7,4590.0,52770.0,595.0,335.0,1970.0
"Danforth",66.0,"N/A",9666.0,1.1,3295.0,62482.0,340.0,235.0,1190.0
"Playter Estates-Danforth",67.0,"N/A",7804.0,0.9,3380.0,55536.0,300.0,235.0,1335.0
"North Riverdale",68.0,"N/A",11916.0,1.8,5185.0,68164.0,380.0,190.0,1305.0
"Blake-Jones",69.0,"N/A",7727.0,0.9,2435.0,51381.0,345.0,210.0,970.0
"South Riverdale",70.0,"N/A",27876.0,9.6,9420.0,56192.0,1070.0,800.0,3745.0
"Cabbagetown-South St.James Town",71.0,"N/A",11669.0,1.4,5105.0,50873.0,585.0,365.0,2500.0
"Regent Park",72.0,"N/A",10803.0,0.6,3085.0,30794.0,545.0,560.0,1950.0
"Moss Park",73.0,"N/A",20506.0,1.4,8465.0,37295.0,845.0,945.0,4615.0
"North St.James Town",74.0,"N/A",18615.0,0.4,6305.0,31304.0,1125.0,2525.0,4195.0
"Church-Yonge Corridor",75.0,"N/A",31340.0,1.4,16930.0,41813.0,1865.0,1970.0,8890.0
"Bay Street Corridor",76.0,"N/A",25797.0,1.8,15090.0,44614.0,1535.0,2275.0,8520.0
"Waterfront Communities-The Island",77.0,"N/A",65913.0,7.6,41735.0,57670.0,2640.0,4730.0,16500.0
"Kensington-Chinatown",78.0,"N/A",17945.0,1.5,6395.0,37571.0,825.0,840.0,4190.0
"University",79.0,"N/A",7607.0,1.4,3515.0,45538.0,365.0,315.0,1580.0
"Palmerston-Little Italy",80.0,"N/A",13826.0,1.4,6210.0,52309.0,630.0,325.0,2380.0
"Trinity-Bellwoods",81.0,"N/A",16556.0,1.7,5745.0,51502.0,610.0,460.0,2485.0
"Niagara",82.0,"N/A",31180.0,3.1,17025.0,59929.0,1110.0,1405.0,7210.0
"Dufferin Grove",83.0,"N/A",11785.0,1.4,3965.0,44145.0,565.0,480.0,2165.0
"Little Portugal",84.0,"N/A",15559.0,1.2,5840.0,52519.0,685.0,500.0,3130.0
"South Parkdale",85.0,"N/A",21849.0,2.3,5900.0,32539.0,1125.0,1695.0,5600.0
"Roncesvalles",86.0,"N/A",14974.0,1.5,5490.0,46883.0,600.0,510.0,2595.0
"High Park-Swansea",87.0,"N/A",23925.0,5.3,10665.0,62128.0,865.0,505.0,3260.0
"High Park North",88.0,"N/A",22162.0,1.9,10125.0,52827.0,970.0,1240.0,4045.0
"Runnymede-Bloor West Village",89.0,"N/A",10070.0,1.6,4165.0,74729.0,295.0,170.0,805.0
"Junction Area",90.0,"N/A",14366.0,2.6,5110.0,53804.0,500.0,345.0,1960.0
"Weston-Pellam Park",91.0,"N/A",11098.0,1.5,1610.0,48206.0,505.0,370.0,1300.0
"Corso Italia-Davenport",92.0,"N/A",14133.0,1.9,3285.0,56345.0,600.0,560.0,1765.0
"Dovercourt-Wallace Emerson-Juncti",93.0,"N/A",36625.0,3.7,10775.0,50741.0,1610.0,1330.0,5690.0
"Wychwood",94.0,"N/A",14349.0,1.7,4775.0,50261.0,410.0,315.0,2095.0
"Annex",95.0,"N/A",30526.0,2.8,16590.0,49912.0,1250.0,975.0,6445.0
"Casa Loma",96.0,"N/A",10968.0,1.9,5920.0,65574.0,425.0,285.0,1980.0
"Yonge-St.Clair",97.0,"N/A",12528.0,1.2,6775.0,58838.0,455.0,670.0,2535.0
"Rosedale-Moore Park",98.0,"N/A",20923.0,4.6,11425.0,72915.0,695.0,750.0,3075.0
"Mount Pleasant East",99.0,"N/A",16775.0,3.1,7970.0,71154.0,670.0,635.0,2185.0
"Yonge-Eglinton",100.0,"N/A",11817.0,1.6,6255.0,63267.0,505.0,600.0,1925.0
"Forest Hill South",101.0,"N/A",10732.0,2.5,5575.0,67446.0,340.0,465.0,1650.0
"Forest Hill North",102.0,"N/A",12806.0,1.6,5320.0,53978.0,560.0,1140.0,1945.0
"Lawrence Park South",103.0,"N/A",15179.0,3.2,7880.0,105043.0,625.0,475.0,1315.0
"Mount Pleasant West",104.0,"N/A",29658.0,1.3,14915.0,48066.0,1330.0,2580.0,7290.0
"Lawrence Park North",105.0,"N/A",14607.0,2.3,7000.0,103660.0,505.0,345.0,1215.0
"Humewood-Cedarvale",106.0,"N/A",14365.0,1.9,6060.0,49252.0,630.0,775.0,2340.0
"Oakwood Village",107.0,"N/A",21210.0,2.2,5080.0,46349.0,800.0,1455.0,3190.0
"Briar Hill-Belgravia",108.0,"N/A",14257.0,1.8,3405.0,48395.0,725.0,1425.0,1960.0
"Caledonia-Fairbank",109.0,"N/A",9955.0,1.5,1160.0,51225.0,400.0,685.0,1100.0
"Keelesdale-Eglinton West",110.0,"N/A",11058.0,1.7,1105.0,45058.0,485.0,700.0,1510.0
"Rockcliffe-Smythe",111.0,"N/A",22246.0,5.1,2700.0,46154.0,1030.0,1040.0,3185.0
"Beechborough-Greenbrook",112.0,"N/A",6577.0,1.8,610.0,37540.0,355.0,360.0,945.0
"Weston",113.0,"N/A",17992.0,2.6,2395.0,41356.0,965.0,1465.0,3250.0
"Lambton Baby Point",114.0,"N/A",7985.0,1.7,2950.0,58158.0,320.0,245.0,725.0
"Mount Dennis",115.0,"N/A",13593.0,2.1,1650.0,43790.0,745.0,905.0,2125.0
"Steeles",116.0,"N/A",24623.0,4.6,5810.0,55755.0,1045.0,1810.0,2915.0
"L'Amoreaux",117.0,"N/A",43993.0,7.1,9780.0,49769.0,2300.0,3965.0,5700.0
"Tam O'Shanter-Sullivan",118.0,"N/A",27446.0,5.5,6895.0,46095.0,1175.0,2435.0,3820.0
"Wexford/Maryvale",119.0,"N/A",27917.0,10.2,5305.0,53752.0,1285.0,1970.0,3325.0
"Clairlea-Birchmount",120.0,"N/A",26984.0,7.4,5755.0,53716.0,1240.0,1820.0,3175.0
"Oakridge",121.0,"N/A",13845.0,1.8,2950.0,32079.0,900.0,1760.0,2290.0
"Birchcliffe-Cliffside",122.0,"N/A",22291.0,6.0,5170.0,57017.0,1055.0,485.0,2720.0
"Cliffcrest",123.0,"N/A",15935.0,7.1,3640.0,60384.0,795.0,600.0,1720.0
"Kennedy Park",124.0,"N/A",17123.0,3.6,3025.0,41776.0,775.0,1170.0,2330.0
"Ionview",125.0,"N/A",13641.0,2.0,2600.0,42971.0,610.0,1510.0,1725.0
"Dorset Park",126.0,"N/A",25003.0,6.0,4945.0,47630.0,1230.0,1960.0,3345.0
"Bendale",127.0,"N/A",29960.0,7.4,6295.0,51254.0,1255.0,1970.0,4115.0
"Agincourt South-Malvern West",128.0,"N/A",23757.0,7.9,5765.0,53886.0,1185.0,1735.0,3120.0
"Agincourt North",129.0,"N/A",29113.0,7.3,5805.0,55893.0,1360.0,2165.0,3155.0
"Milliken",130.0,"N/A",26572.0,9.4,4635.0,55464.0,1160.0,2190.0,3010.0
"Rouge",131.0,"N/A",46496.0,37.6,9195.0,72784.0,2010.0,1595.0,3910.0
"Malvern",132.0,"N/A",43794.0,8.9,7230.0,53425.0,2335.0,2745.0,4790.0
"Centennial Scarborough",133.0,"N/A",13362.0,5.4,4055.0,86816.0,545.0,210.0,765.0
"Highland Creek",134.0,"N/A",12494.0,5.1,3055.0,87321.0,565.0,325.0,900.0
"Morningside",135.0,"N/A",17455.0,5.6,3220.0,50069.0,995.0,1215.0,2090.0
"West Hill",136.0,"N/A",27392.0,9.6,4330.0,46803.0,1515.0,1455.0,3230.0
"Woburn",137.0,"N/A",53485.0,12.2,10860.0,47908.0,2665.0,4925.0,6605.0
"Eglinton East",138.0,"N/A",22776.0,3.2,3650.0,42790.0,1155.0,2315.0,2830.0
"Scarborough Village",139.0,"N/A",16724.0,3.1,2935.0,40181.0,980.0,1625.0,2460.0
"Guildwood",140.0,"N/A",9917.0,3.8,2715.0,67678.0,395.0,145.0,960.0
